cluster	PR	SHA	implementation	evidence
F10	7234	4daabc3d84ddcbaa4df9f74f2f8ac4db6fd157a0	implemented; reviewed	frontend-report.md
F10	7263	ea68c0e82c1c995a8eb797648af72d2088e2955f	implemented; reviewed	frontend-report.md
F09	7235	efd86c63e6724838659cde590a0d4516d045acd0	implemented; reviewed	frontend-report.md
F10	7186	5f75e0d2a7ea7197476be4e77596735c459008f7	implemented; reviewed	frontend-report.md
F11	7183	53fd5f83512efbe95891e16138ecfd57f9bda8b7	implemented; reviewed	frontend-report.md
F09	7184	71c0eb51260fd238b5e485a0127770fe33c8d9d1	implemented; reviewed	frontend-report.md
F10	7238	57e9f6a4b81db65a9bd1c23c9c6cc7965a8e686b	implemented; reviewed	frontend-report.md
F03	7362	8bb48622a3893c7a968756bb7d4a5d9cfda5c029	implemented; reviewed	backend-report.md
F03	7349	53b4bbe736323abac37dcf0a5f1ed7cd7893008f	implemented; reviewed	backend-report.md
F14	7446	5295bd822780c1242d8bd034f817a417367be7b9	implemented; reviewed	frontend-report.md
F12	7372	c0b23ff79116baec40fe2d66b33eccb6b74427a2	implemented; reviewed	frontend-report.md
F12	7264	e7d348868c3891d0a63889807537552bd4c0cadc	implemented; reviewed	frontend-report.md
F12	7364	9e175bd49161d486b3dd5d87f43724d98a45b07a	implemented; reviewed	frontend-report.md
F10	7374	c96d36ec9567c98a378e0b93b46ee2d9b4242994	implemented; reviewed	frontend-report.md
F13	7420	f2e55bf4d704ae5730f207d437f563c41be9573a	implemented; reviewed	frontend-report.md
F12	7376	ca47fa352c6942907ae01b3c36eb508bc38d01e5	implemented; reviewed	frontend-report.md
F12	7367	a765b3c1765f50a18e3b845170916d91c21a12cc	implemented; reviewed	frontend-report.md
F13	7422	5af29a3b93122179568195d92c8f02afe45231fb	implemented; reviewed	frontend-report.md
F14	7418	5fd346114252ff66f49dc0e70b6f4e9958e0c601	implemented; reviewed	frontend-report.md
F02	7404	c619ff8474acccd728904a08a6c7daf1b731d10e	implemented; reviewed	backend-report.md
F15	7488	7be1628a74c0a42f2cb9e04e1a5b1d88ab58a115	implemented; reviewed	backend-report.md
F11	7321	4b0adb68636c4d8bef479e2c1ed541950a031c27	implemented; reviewed	frontend-report.md
F10	7142	ea34a2356ca546cb12cd960efc203baaff5e39c4	implemented; reviewed	frontend-report.md
F10	7109	d27fbb3b7dfd6a2a5a26e80fbca781fc7bbdc112	implemented; reviewed	frontend-report.md
F10	7108	974a819ba15359b00b87f4c96ad3b7ae3b4a6f93	implemented; reviewed	frontend-report.md
F01	7311	5cc6ca6f5bf33590517099c43590726102a37551	implemented; reviewed	backend-report.md
F15	6920	20a94fbb567b62208751292ed7786b24a7e7c0fe	implemented; reviewed	backend-report.md
F10	7499	0eaa7c3c84c53704438809f52887c44824b14b95	implemented; reviewed	frontend-report.md
F09	7496	9e0e1469844665c4bd3220bbec5836ab48b17537	implemented; reviewed	frontend-report.md
F13	7493	24872fda7cf89ad6be5f059751dc01e741da1f9e	implemented; reviewed	frontend-report.md
F14	7611	99d86e41acb47d632de27598a727c671ed7fadb1	implemented; reviewed	frontend-report.md
F13	7497	89e9976950a8928d0285fb7efd535cdf5c7a5b38	implemented; reviewed	frontend-report.md
F06	7635	be64b553f99cd1f56f9c0ac91aa178197c4b7e4c	implemented; reviewed	backend-report.md
F06	7569	8aa7fb8c2d28b5a6b9e17be037eb4bac72f3cde1	implemented; reviewed	backend-report.md
F07	7572	06f70a6232f4d764b367caca71cca4c9dedb24f1	implemented; reviewed	backend-report.md
F08	7624	90ae81e9f8ecbcab633d3df1aa4813a8afffdf97	implemented; reviewed	backend-report.md
F05	7617	8616d4e03610e399cba00f62528e16b1141c6b5c	implemented; reviewed	backend-report.md
F04	7538	b5298fdde8e9c5ba4503aca9bac34c1f87774273	implemented; reviewed	backend-report.md
F05	7638	4c00df2e0183e2c70b7fa8ba45914205e36aad0c	implemented; reviewed	backend-report.md
